width	lang	theme	scale	result	note
1280	en	dark	1	PASS	ok
1280	en	dark	1.5	PASS	ok
1280	en	light	1	PASS	ok
1280	en	light	1.5	PASS	ok
1280	ar	dark	1	PASS	ok
1280	ar	dark	1.5	PASS	ok
1280	ar	light	1	PASS	ok
1280	ar	light	1.5	PASS	ok
1440	en	dark	1	PASS	ok
1440	en	dark	1.5	PASS	ok
1440	en	light	1	PASS	ok
1440	en	light	1.5	PASS	ok
1440	ar	dark	1	PASS	ok
1440	ar	dark	1.5	PASS	ok
1440	ar	light	1	PASS	ok
1440	ar	light	1.5	PASS	ok
1920	en	dark	1	PASS	ok
1920	en	dark	1.5	PASS	ok
1920	en	light	1	PASS	ok
1920	en	light	1.5	PASS	ok
1920	ar	dark	1	PASS	ok
1920	ar	dark	1.5	PASS	ok
1920	ar	light	1	PASS	ok
1920	ar	light	1.5	PASS	ok
2560	en	dark	1	PASS	ok
2560	en	dark	1.5	PASS	ok
2560	en	light	1	PASS	ok
2560	en	light	1.5	PASS	ok
2560	ar	dark	1	PASS	ok
2560	ar	dark	1.5	PASS	ok
2560	ar	light	1	PASS	ok
2560	ar	light	1.5	PASS	ok
